2010-01-01	173493.270000
2010-01-02	192609.500000
2010-01-03	232315.340000
2010-01-04	253204.130000
2010-01-05	282185.720000
2010-01-06	303535.720000
2010-01-07	327462.170000
2010-01-08	343347.280000
2010-01-09	313838.370000
2010-01-10	302271.350000
2010-01-11	313398.250000
2010-01-12	351926.860000
2010-01-13	370885.470000
2010-01-14	378781.310000
2010-01-15	374573.470000
2010-01-16	298467.430000
2010-01-17	302381.410000
2010-01-18	261527.070000
2010-01-19	326144.280000
2010-01-20	356271.780000
2010-01-21	380927.680000
2010-01-22	380970.960000
2010-01-23	327671.190000
2010-01-24	302087.330000
2010-01-25	309408.190000
2010-01-26	345303.820000
2010-01-27	369825.340000
2010-01-28	400956.410000
2010-01-29	418267.200000
2010-01-30	355625.670000
2010-01-31	330052.400000
2010-02-01	139408.370000
2010-02-02	151500.410000
2010-02-03	161166.100000
2010-02-04	171538.760000
2010-02-05	164301.820000
2010-02-06	133959.530000
2010-02-07	137205.200000
2010-02-08	310745.380000
2010-02-09	341282.570000
2010-02-10	172556.400000
2010-02-11	356124.440000
2010-02-12	387885.920000
2010-02-13	340607.260000
2010-02-14	317542.390000
2010-02-15	293016.060000
2010-02-16	339520.460000
2010-02-17	371891.920000
2010-02-18	381780.280000
2010-02-19	380290.530000
2010-02-20	325333.760000
2010-02-21	311159.520000
2010-02-22	319935.330000
2010-02-23	381308.990000
2010-02-24	383185.980000
2010-02-25	357125.060000
2010-02-26	266515.650000
2010-02-27	322810.060000
2010-02-28	308096.840000
2010-03-01	140334.670000
2010-03-02	154353.950000
2010-03-03	168318.200000
2010-03-04	174321.050000
2010-03-05	173727.230000
2010-03-06	147215.860000
2010-03-07	140056.850000
2010-03-08	320686.110000
2010-03-09	346698.410000
2010-03-10	377070.270000
2010-03-11	396329.030000
2010-03-12	404879.760000
2010-03-13	366039.110000
2010-03-14	300243.300000
2010-03-15	336905.680000
2010-03-16	353584.900000
2010-03-17	369779.100000
2010-03-18	408856.580000
2010-03-19	380017.990000
2010-03-20	331883.520000
2010-03-21	323019.120000
2010-03-22	335624.000000
2010-03-23	355402.570000
2010-03-24	366042.230000
2010-03-25	395228.480000
2010-03-26	397428.290000
2010-03-27	332289.560000
2010-03-28	303030.800000
2010-03-29	296981.620000
2010-03-30	333931.620000
2010-03-31	343999.190000
2010-04-01	394463.070000
2010-04-02	352803.840000
2010-04-03	287987.760000
2010-04-04	246555.680000
2010-04-05	308208.640000
2010-04-06	353954.650000
2010-04-07	390642.490000
2010-04-08	415573.610000
2010-04-09	421760.640000
2010-04-10	350744.130000
2010-04-11	331371.380000
2010-04-12	343419.430000
2010-04-13	384381.340000
2010-04-14	403696.240000
2010-04-15	432619.300000
2010-04-16	434291.870000
2010-04-17	345234.960000
2010-04-18	336206.960000
2010-04-19	352171.570000
2010-04-20	389745.850000
2010-04-21	418563.600000
2010-04-22	434271.010000
2010-04-23	420692.700000
2010-04-24	356570.420000
2010-04-25	346563.500000
2010-04-26	382521.880000
2010-04-27	397301.370000
2010-04-28	421938.680000
2010-04-29	430920.450000
2010-04-30	427188.400000
2010-05-01	360475.400000
2010-05-02	338325.750000
2010-05-03	366411.470000
2010-05-04	388271.760000
2010-05-05	428838.820000
2010-05-06	452660.330000
2010-05-07	417714.950000
2010-05-08	352478.550000
2010-05-09	327062.510000
2010-05-10	372324.610000
2010-05-11	403586.480000
2010-05-12	440627.920000
2010-05-13	446464.040000
2010-05-14	442694.580000
2010-05-15	377411.200000
2010-05-16	358089.040000
2010-05-17	383010.860000
2010-05-18	427043.390000
2010-05-19	432074.320000
2010-05-20	445082.920000
2010-05-21	431589.530000
2010-05-22	358290.960000
2010-05-23	333620.850000
2010-05-24	367267.930000
2010-05-25	403232.850000
2010-05-26	431141.480000
2010-05-27	437293.660000
2010-05-28	378536.160000
2010-05-29	251746.150000
2010-05-30	216734.990000
2010-05-31	227628.360000
2010-06-01	343126.900000
2010-06-02	375882.200000
2010-06-03	410799.300000
2010-06-04	397975.250000
2010-06-05	334409.800000
2010-06-06	341634.940000
2010-06-07	379820.700000
2010-06-08	418430.440000
2010-06-09	454910.870000
2010-06-10	450410.280000
2010-06-11	425193.610000
2010-06-12	342270.640000
2010-06-13	317130.260000
2010-06-14	366558.800000
2010-06-15	397605.500000
2010-06-16	432006.970000
2010-06-17	445543.140000
2010-06-18	427937.450000
2010-06-19	336111.770000
2010-06-20	324709.280000
2010-06-21	367558.320000
2010-06-22	405219.850000
2010-06-23	435342.680000
2010-06-24	458558.060000
2010-06-25	429972.160000
2010-06-26	359208.290000
2010-06-27	338093.820000
2010-06-28	378874.770000
2010-06-29	403313.810000
2010-06-30	412333.360000
2010-07-01	405586.110000
2010-07-02	331898.600000
2010-07-03	214390.000000
2010-07-04	178796.530000
2010-07-05	239582.500000
2010-07-06	349401.790000
2010-07-07	380562.320000
2010-07-08	408214.970000
2010-07-09	392333.300000
2010-07-10	320403.490000
2010-07-11	336052.430000
2010-07-12	364910.020000
2010-07-13	418839.780000
2010-07-14	463244.790000
2010-07-15	474631.370000
2010-07-16	455731.500000
2010-07-17	355755.790000
2010-07-18	326321.500000
2010-07-19	347454.670000
2010-07-20	385751.770000
2010-07-21	410026.100000
2010-07-22	425658.770000
2010-07-23	406664.410000
2010-07-24	330849.790000
2010-07-25	320091.670000
2010-07-26	391497.690000
2010-07-27	393469.120000
2010-07-28	420911.360000
2010-07-29	448683.340000
2010-07-30	421704.200000
2010-07-31	331849.730000
2010-08-01	300072.130000
2010-08-02	181722.260000
2010-08-03	205454.820000
2010-08-04	223462.400000
2010-08-05	298140.670000
2010-08-06	325710.960000
2010-08-07	304436.440000
2010-08-08	296230.260000
2010-08-09	321159.310000
2010-08-10	362299.120000
2010-08-11	386348.520000
2010-08-12	403919.930000
2010-08-13	377114.540000
2010-08-14	300314.390000
2010-08-15	297917.660000
2010-08-16	328347.660000
2010-08-17	362351.080000
2010-08-18	375489.480000
2010-08-19	399328.760000
2010-08-20	364164.150000
2010-08-21	285935.440000
2010-08-22	282009.530000
2010-08-23	321886.590000
2010-08-24	337133.810000
2010-08-25	377406.300000
2010-08-26	379539.070000
2010-08-27	360530.910000
2010-08-28	287316.820000
2010-08-29	291933.280000
2010-08-30	302333.360000
2010-08-31	349358.730000
2010-09-01	370430.670000
2010-09-02	389348.610000
2010-09-03	338746.310000
2010-09-04	253223.330000
2010-09-05	232717.900000
2010-09-06	247425.270000
2010-09-07	355859.370000
2010-09-08	384777.570000
2010-09-09	385355.050000
2010-09-10	365665.800000
2010-09-11	356824.640000
2010-09-12	363751.610000
2010-09-13	387757.470000
2010-09-14	425882.180000
2010-09-15	452683.220000
2010-09-16	445849.480000
2010-09-17	434707.480000
2010-09-18	342904.640000
2010-09-19	671680.330000
2010-09-20	526598.920000
2010-09-21	565791.280000
2010-09-22	599787.530000
2010-09-23	622922.260000
2010-09-24	611573.990000
2010-09-25	548121.470000
2010-09-26	521194.880000
2010-09-27	378144.490000
2010-09-28	407853.340000
2010-09-29	433790.360000
2010-09-30	438393.890000
2010-10-01	191959.020000
2010-10-02	165040.630000
2010-10-03	162387.840000
2010-10-04	372805.780000
2010-10-05	394477.070000
2010-10-06	423202.840000
2010-10-07	448338.030000
2010-10-08	432582.450000
2010-10-09	378026.330000
2010-10-10	359452.330000
2010-10-11	334021.570000
2010-10-12	402603.810000
2010-10-13	423541.900000
2010-10-14	443965.820000
2010-10-15	440825.710000
2010-10-16	371803.430000
2010-10-17	373120.350000
2010-10-18	373690.560000
2010-10-19	406263.210000
2010-10-20	443708.030000
2010-10-21	466212.820000
2010-10-22	453847.480000
2010-10-23	380174.990000
2010-10-24	363769.680000
2010-10-25	365621.700000
2010-10-26	398745.070000
2010-10-27	428600.440000
2010-10-28	456130.150000
2010-10-29	454256.420000
2010-10-30	395778.680000
2010-10-31	371679.120000
2010-11-01	401228.610000
2010-11-02	401883.640000
2010-11-03	441595.710000
2010-11-04	470299.920000
2010-11-05	445164.800000
2010-11-06	387053.660000
2010-11-07	378761.500000
2010-11-08	391843.880000
2010-11-09	413165.240000
2010-11-10	446850.150000
2010-11-11	451456.350000
2010-11-12	441688.210000
2010-11-13	390512.590000
2010-11-14	388113.070000
2010-11-15	390482.750000
2010-11-16	403101.030000
2010-11-17	440971.490000
2010-11-18	471721.930000
2010-11-19	467685.850000
2010-11-20	398453.480000
2010-11-21	364500.520000
2010-11-22	349012.020000
2010-11-23	392632.120000
2010-11-24	367897.660000
2010-11-25	216544.820000
2010-11-26	191709.050000
2010-11-27	265152.260000
2010-11-28	314109.780000
2010-11-29	371490.460000
2010-11-30	398053.350000
2010-12-01	440828.190000
2010-12-02	470026.850000
2010-12-03	463371.400000
2010-12-04	400803.700000
2010-12-05	387753.120000
2010-12-06	408588.640000
2010-12-07	445633.780000
2010-12-08	473716.130000
2010-12-09	497995.450000
2010-12-10	482543.780000
2010-12-11	403080.760000
2010-12-12	375696.760000
2010-12-13	422750.370000
2010-12-14	459942.850000
2010-12-15	486795.430000
2010-12-16	494856.000000
2010-12-17	491750.790000
2010-12-18	415483.860000
2010-12-19	372785.510000
2010-12-20	376875.050000
2010-12-21	408773.370000
2010-12-22	408792.110000
2010-12-23	362609.840000
2010-12-24	229965.090000
2010-12-25	130675.050000
2010-12-26	107474.440000
2010-12-27	44869.130000
2010-12-28	185720.580000
2010-12-29	257464.280000
2010-12-30	282573.970000
2010-12-31	296954.920000
2011-01-01	113850.800000
2011-01-02	112074.680000
2011-01-03	291303.580000
2011-01-04	326928.930000
2011-01-05	357845.120000
2011-01-06	400230.220000
2011-01-07	389280.370000
2011-01-08	368959.670000
2011-01-09	376921.100000
2011-01-10	394450.620000
2011-01-11	425134.030000
2011-01-12	307810.380000
2011-01-13	455775.000000
2011-01-14	458213.090000
2011-01-15	372312.310000
2011-01-16	359522.790000
2011-01-17	339018.860000
2011-01-18	415444.370000
2011-01-19	446289.070000
2011-01-20	473497.860000
2011-01-21	446077.970000
2011-01-22	413854.680000
2011-01-23	398141.210000
2011-01-24	401338.300000
2011-01-25	417607.910000
2011-01-26	386201.560000
2011-01-27	324526.040000
2011-01-28	452123.550000
2011-01-29	410969.170000
2011-01-30	389236.040000
2011-01-31	411497.210000
2011-02-01	398890.060000
2011-02-02	404924.330000
2011-02-03	482290.020000
2011-02-04	480701.710000
2011-02-05	424918.810000
2011-02-06	391220.220000
2011-02-07	413430.000000
2011-02-08	469054.340000
2011-02-09	515135.330000
2011-02-10	543120.370000
2011-02-11	539937.150000
2011-02-12	488816.060000
2011-02-13	440078.360000
2011-02-14	457086.600000
2011-02-15	513259.050000
2011-02-16	517575.560000
2011-02-17	522915.020000
2011-02-18	511231.170000
2011-02-19	443134.280000
2011-02-20	394605.310000
2011-02-21	372255.140000
2011-02-22	459431.870000
2011-02-23	481000.710000
2011-02-24	506179.150000
2011-02-25	520841.300000
2011-02-26	454000.940000
2011-02-27	415639.020000
2011-02-28	434608.460000
2011-03-01	476215.040000
2011-03-02	516931.680000
2011-03-03	545159.850000
2011-03-04	534034.050000
2011-03-05	457827.310000
2011-03-06	432462.470000
2011-03-07	459974.040000
2011-03-08	487136.320000
2011-03-09	525820.950000
2011-03-10	545741.880000
2011-03-11	540025.740000
2011-03-12	466903.840000
2011-03-13	414605.180000
2011-03-14	431043.190000
2011-03-15	481783.600000
2011-03-16	514169.000000
2011-03-17	513923.880000
2011-03-18	533080.010000
2011-03-19	459308.970000
2011-03-20	443586.080000
2011-03-21	441748.920000
2011-03-22	472077.720000
2011-03-23	515997.190000
2011-03-24	534514.320000
2011-03-25	529542.440000
2011-03-26	457357.580000
2011-03-27	424528.330000
2011-03-28	427456.780000
2011-03-29	479017.610000
2011-03-30	501628.920000
2011-03-31	540463.800000
2011-04-01	269174.140000
2011-04-02	222585.680000
2011-04-03	212200.140000
2011-04-04	434003.580000
2011-04-05	500075.040000
2011-04-06	516128.690000
2011-04-07	542518.630000
2011-04-08	539155.670000
2011-04-09	454923.070000
2011-04-10	435418.270000
2011-04-11	450836.040000
2011-04-12	512285.720000
2011-04-13	530801.790000
2011-04-14	544953.950000
2011-04-15	543122.690000
2011-04-16	464148.380000
2011-04-17	407232.300000
2011-04-18	406190.450000
2011-04-19	444199.340000
2011-04-20	484851.650000
2011-04-21	508231.570000
2011-04-22	463390.480000
2011-04-23	374182.760000
2011-04-24	355252.160000
2011-04-25	423476.050000
2011-04-26	480122.580000
2011-04-27	516528.910000
2011-04-28	544053.740000
2011-04-29	546349.090000
2011-04-30	457167.880000
2011-05-01	436349.630000
2011-05-02	467820.380000
2011-05-03	490218.840000
2011-05-04	541531.910000
2011-05-05	545370.720000
2011-05-06	543203.980000
2011-05-07	431480.470000
2011-05-08	402153.870000
2011-05-09	449799.580000
2011-05-10	498705.380000
2011-05-11	525070.760000
2011-05-12	554812.960000
2011-05-13	547179.600000
2011-05-14	475311.700000
2011-05-15	447918.350000
2011-05-16	478075.190000
2011-05-17	533777.790000
2011-05-18	542926.820000
2011-05-19	566739.680000
2011-05-20	547380.710000
2011-05-21	468165.990000
2011-05-22	444441.900000
2011-05-23	462764.970000
2011-05-24	513410.020000
2011-05-25	533124.520000
2011-05-26	537322.210000
2011-05-27	481911.030000
2011-05-28	339650.970000
2011-05-29	298544.730000
2011-05-30	318111.630000
2011-05-31	451138.830000
2011-06-01	497239.980000
2011-06-02	523277.920000
2011-06-03	502446.500000
2011-06-04	437394.990000
2011-06-05	433837.270000
2011-06-06	473293.180000
2011-06-07	530145.970000
2011-06-08	558866.530000
2011-06-09	570617.250000
2011-06-10	554993.060000
2011-06-11	446618.960000
2011-06-12	411414.910000
2011-06-13	465604.310000
2011-06-14	502744.670000
2011-06-15	531601.760000
2011-06-16	555699.070000
2011-06-17	522123.230000
2011-06-18	444013.040000
2011-06-19	409354.320000
2011-06-20	450853.230000
2011-06-21	490288.140000
2011-06-22	530268.540000
2011-06-23	548702.690000
2011-06-24	531413.510000
2011-06-25	443580.390000
2011-06-26	419668.600000
2011-06-27	451634.830000
2011-06-28	490614.400000
2011-06-29	519204.580000
2011-06-30	524724.090000
2011-07-01	452828.070000
2011-07-02	296802.720000
2011-07-03	243329.000000
2011-07-04	272402.440000
2011-07-05	398815.420000
2011-07-06	437214.230000
2011-07-07	486016.340000
2011-07-08	490189.360000
2011-07-09	411668.000000
2011-07-10	401339.960000
2011-07-11	436252.680000
2011-07-12	492515.380000
2011-07-13	520829.550000
2011-07-14	538259.370000
2011-07-15	521388.370000
2011-07-16	423069.220000
2011-07-17	416140.910000
2011-07-18	458147.780000
2011-07-19	492444.480000
2011-07-20	533707.380000
2011-07-21	569661.340000
2011-07-22	545877.810000
2011-07-23	431197.340000
2011-07-24	412498.470000
2011-07-25	442015.170000
2011-07-26	486443.200000
2011-07-27	515658.840000
2011-07-28	544746.660000
2011-07-29	520225.730000
2011-07-30	432136.650000
2011-07-31	410668.270000
2011-08-01	439132.370000
2011-08-02	489055.300000
2011-08-03	520404.070000
2011-08-04	521184.980000
2011-08-05	498286.970000
2011-08-06	404544.000000
2011-08-07	384662.520000
2011-08-08	424842.850000
2011-08-09	451455.900000
2011-08-10	496619.550000
2011-08-11	512655.030000
2011-08-12	497823.970000
2011-08-13	400416.300000
2011-08-14	197955.590000
2011-08-15	426598.880000
2011-08-16	468475.540000
2011-08-17	489787.210000
2011-08-18	511574.230000
2011-08-19	490329.750000
2011-08-20	398883.400000
2011-08-21	206358.730000
2011-08-22	405503.700000
2011-08-23	442960.190000
2011-08-24	467385.970000
2011-08-25	493548.350000
2011-08-26	474588.660000
2011-08-27	190086.110000
2011-08-28	21799.910000
2011-08-29	302667.020000
2011-08-30	393726.460000
2011-08-31	447249.630000
2011-09-01	477489.950000
2011-09-02	452438.130000
2011-09-03	354669.400000
2011-09-04	330025.000000
2011-09-05	334651.400000
2011-09-06	474945.990000
2011-09-07	522872.870000
2011-09-08	570279.200000
2011-09-09	544957.330000
2011-09-10	485039.120000
2011-09-11	437269.010000
2011-09-12	495022.450000
2011-09-13	534055.010000
2011-09-14	569742.410000
2011-09-15	587624.740000
2011-09-16	569114.820000
2011-09-17	503871.500000
2011-09-18	476708.970000
2011-09-19	488271.310000
2011-09-20	504510.070000
2011-09-21	519989.870000
2011-09-22	553342.830000
2011-09-23	553789.460000
2011-09-24	485074.280000
2011-09-25	466935.660000
2011-09-26	476848.940000
2011-09-27	514168.440000
2011-09-28	517514.020000
2011-09-29	504962.820000
2011-09-30	528211.560000
2011-10-01	477844.170000
2011-10-02	455370.630000
2011-10-03	475780.540000
2011-10-04	510569.660000
2011-10-05	542682.020000
2011-10-06	571096.790000
2011-10-07	546302.570000
2011-10-08	450506.220000
2011-10-09	445876.240000
2011-10-10	412928.930000
2011-10-11	497430.360000
2011-10-12	547500.890000
2011-10-13	568090.670000
2011-10-14	564590.060000
2011-10-15	503592.200000
2011-10-16	475265.610000
2011-10-17	477486.900000
2011-10-18	517979.450000
2011-10-19	532711.420000
2011-10-20	562880.780000
2011-10-21	572305.460000
2011-10-22	489574.940000
2011-10-23	468750.600000
2011-10-24	479163.650000
2011-10-25	514520.730000
2011-10-26	545453.750000
2011-10-27	570359.430000
2011-10-28	572499.950000
2011-10-29	510953.510000
2011-10-30	474778.530000
2011-10-31	440373.430000
2011-11-01	537583.840000
2011-11-02	538111.390000
2011-11-03	574710.950000
2011-11-04	572531.710000
2011-11-05	496940.340000
2011-11-06	439477.430000
2011-11-07	480759.040000
2011-11-08	524365.850000
2011-11-09	565276.810000
2011-11-10	588550.890000
2011-11-11	560891.190000
2011-11-12	252500.720000
2011-12-01	125379.260000
2011-12-02	117383.100000
2011-12-03	71636.860000
2011-12-04	114875.970000
2011-12-05	119860.130000
2011-12-06	109611.480000
2011-12-07	111434.010000
2011-12-08	130770.830000
2011-12-09	123083.600000
2011-12-10	73451.400000
2011-12-11	111444.100000
2011-12-12	117767.240000
2011-12-13	108453.050000
2011-12-14	114317.450000
2011-12-15	123651.980000
2011-12-16	121906.770000
2011-12-17	82833.000000
2011-12-18	97922.200000
2011-12-19	98582.910000
2011-12-20	96857.870000
2011-12-21	103315.130000
2011-12-22	111025.590000
2011-12-23	101994.200000
2011-12-24	58301.630000
2011-12-25	43629.890000
2011-12-26	71361.790000
2011-12-27	75566.230000
2011-12-28	83915.810000
2011-12-29	81894.280000
2011-12-30	84870.010000
2011-12-31	55232.180000
2012-01-01	172920.360000
2012-01-02	310219.310000
2012-01-03	403302.460000
2012-01-04	445218.020000
2012-01-05	479341.150000
2012-01-06	492381.050000
2012-01-07	465486.760000
2012-01-08	450492.190000
2012-01-09	453409.330000
2012-01-10	491274.560000
2012-01-11	522565.550000
2012-01-12	559690.200000
2012-01-13	580898.620000
2012-01-14	497900.170000
2012-01-15	493164.110000
2012-01-16	434209.190000
2012-01-17	529565.290000
2012-01-18	565444.540000
2012-01-19	582076.030000
2012-01-20	585134.690000
2012-01-21	480790.210000
2012-01-22	467170.900000
2012-01-23	468845.520000
2012-01-24	501381.360000
2012-01-25	546671.740000
2012-01-26	579881.560000
2012-01-27	571674.290000
2012-01-28	507128.670000
2012-01-29	465677.040000
2012-01-30	472469.800000
2012-01-31	509753.920000
2012-02-01	536409.910000
2012-02-02	583320.130000
2012-02-03	579654.680000
2012-02-04	489791.010000
2012-02-05	467977.890000
2012-02-06	494901.170000
2012-02-07	514075.320000
2012-02-08	572951.400000
2012-02-09	603135.320000
2012-02-10	615895.870000
2012-02-11	542808.230000
2012-02-12	510009.670000
2012-02-13	512093.010000
2012-02-14	557059.450000
2012-02-15	605049.400000
2012-02-16	617562.680000
2012-02-17	584804.160000
2012-02-18	480749.240000
2012-02-19	437573.140000
2012-02-20	422591.840000
2012-02-21	498652.760000
2012-02-22	530228.770000
2012-02-23	570804.890000
2012-02-24	579825.340000
2012-02-25	530889.720000
2012-02-26	479174.330000
2012-02-27	484262.210000
2012-02-28	542478.590000
2012-02-29	591289.300000
2012-03-01	596295.100000
2012-03-02	607613.660000
2012-03-03	517632.530000
2012-03-04	495418.650000
2012-03-05	516873.540000
2012-03-06	558447.070000
2012-03-07	588454.530000
2012-03-08	618876.120000
2012-03-09	626655.050000
2012-03-10	539185.530000
2012-03-11	471414.150000
2012-03-12	488136.020000
2012-03-13	534731.060000
2012-03-14	576661.470000
2012-03-15	607203.410000
2012-03-16	595088.660000
2012-03-17	507689.680000
2012-03-18	473201.050000
2012-03-19	481249.020000
2012-03-20	521859.550000
2012-03-21	565991.280000
2012-03-22	604246.820000
2012-03-23	602703.200000
2012-03-24	515809.030000
2012-03-25	485896.530000
2012-03-26	511084.850000
2012-03-27	545527.070000
2012-03-28	576640.390000
2012-03-29	604439.540000
2012-03-30	589762.030000
2012-03-31	532059.810000
2012-04-01	496060.550000
2012-04-02	501193.780000
2012-04-03	539136.200000
2012-04-04	572798.970000
2012-04-05	600618.610000
2012-04-06	528922.450000
2012-04-07	404033.110000
2012-04-08	386220.370000
2012-04-09	464499.280000
2012-04-10	522734.810000
2012-04-11	559904.930000
2012-04-12	581975.290000
2012-04-13	569794.850000
2012-04-14	525161.530000
2012-04-15	483792.530000
2012-04-16	507792.890000
2012-04-17	551408.910000
2012-04-18	596198.130000
2012-04-19	620764.120000
2012-04-20	603033.350000
2012-04-21	523667.010000
2012-04-22	511262.030000
2012-04-23	538060.380000
2012-04-24	569600.030000
2012-04-25	603655.380000
2012-04-26	629830.270000
2012-04-27	615119.100000
2012-04-28	528372.880000
2012-04-29	495966.890000
2012-04-30	514478.070000
2012-05-01	551598.370000
2012-05-02	596890.820000
2012-05-03	621215.790000
2012-05-04	604858.360000
2012-05-05	530579.390000
2012-05-06	495865.630000
2012-05-07	532785.330000
2012-05-08	566314.570000
2012-05-09	606744.000000
2012-05-10	628614.580000
2012-05-11	610824.410000
2012-05-12	517823.300000
2012-05-13	460957.070000
2012-05-14	531446.090000
2012-05-15	579233.850000
2012-05-16	613082.220000
2012-05-17	624010.830000
2012-05-18	606136.790000
2012-05-19	510590.600000
2012-05-20	489349.730000
2012-05-21	533142.070000
2012-05-22	567554.280000
2012-05-23	592777.880000
2012-05-24	596092.020000
2012-05-25	524192.320000
2012-05-26	371162.800000
2012-05-27	318987.930000
2012-05-28	348877.050000
2012-05-29	507797.880000
2012-05-30	559809.720000
2012-05-31	582699.150000
2012-06-01	588004.600000
2012-06-02	472662.020000
2012-06-03	481350.590000
2012-06-04	534359.180000
2012-06-05	577436.830000
2012-06-06	603352.080000
2012-06-07	630853.930000
2012-06-08	599938.050000
2012-06-09	486425.910000
2012-06-10	463767.370000
2012-06-11	521623.380000
2012-06-12	570852.960000
2012-06-13	600962.030000
2012-06-14	623170.430000
2012-06-15	594383.740000
2012-06-16	481622.520000
2012-06-17	452771.180000
2012-06-18	507347.490000
2012-06-19	560151.160000
2012-06-20	608718.520000
2012-06-21	631084.620000
2012-06-22	602763.050000
2012-06-23	505962.080000
2012-06-24	471282.440000
2012-06-25	503266.350000
2012-06-26	553997.000000
2012-06-27	589622.240000
2012-06-28	609914.390000
2012-06-29	589153.440000
2012-06-30	454685.060000
2012-07-01	411998.770000
2012-07-02	399245.400000
2012-07-03	440207.450000
2012-07-04	357732.380000
2012-07-05	388095.560000
2012-07-06	403304.040000
2012-07-07	373092.970000
2012-07-08	402719.690000
2012-07-09	472519.860000
2012-07-10	519797.120000
2012-07-11	572743.330000
2012-07-12	600520.930000
2012-07-13	574146.800000
2012-07-14	462091.550000
2012-07-15	455893.190000
2012-07-16	515895.980000
2012-07-17	558712.100000
2012-07-18	565341.850000
2012-07-19	608521.740000
2012-07-20	574177.750000
2012-07-21	443081.780000
2012-07-22	439316.440000
2012-07-23	501234.310000
2012-07-24	548794.390000
2012-07-25	574730.230000
2012-07-26	593061.560000
2012-07-27	581939.600000
2012-07-28	457001.840000
2012-07-29	431528.130000
2012-07-30	480190.950000
2012-07-31	524538.210000
2012-08-01	538200.420000
2012-08-02	587854.660000
2012-08-03	563211.360000
2012-08-04	454112.530000
2012-08-05	435732.870000
2012-08-06	490199.340000
2012-08-07	515215.230000
2012-08-08	550516.000000
2012-08-09	585110.630000
2012-08-10	570084.260000
2012-08-11	450840.310000
2012-08-12	420313.050000
2012-08-13	457971.760000
2012-08-14	514243.180000
2012-08-15	542165.090000
2012-08-16	569543.720000
2012-08-17	544181.780000
2012-08-18	441261.480000
2012-08-19	402321.400000
2012-08-20	447842.350000
2012-08-21	491620.640000
2012-08-22	527117.020000
2012-08-23	558973.310000
2012-08-24	530313.790000
2012-08-25	433936.680000
2012-08-26	417227.640000
2012-08-27	437743.040000
2012-08-28	487574.700000
2012-08-29	510019.310000
2012-08-30	536776.650000
2012-08-31	513177.650000
2012-09-01	388551.000000
2012-09-02	340949.230000
2012-09-03	368896.790000
2012-09-04	568353.440000
2012-09-05	662563.730000
2012-09-06	708390.380000
2012-09-07	730429.920000
2012-09-08	638661.650000
2012-09-09	606407.700000
2012-09-10	612635.040000
2012-09-11	637744.500000
2012-09-12	704746.270000
2012-09-13	740489.260000
2012-09-14	722561.280000
2012-09-15	601593.850000
2012-09-16	546066.620000
2012-09-17	493387.810000
2012-09-18	591649.360000
2012-09-19	697190.680000
2012-09-20	726005.280000
2012-09-21	715838.840000
2012-09-22	612732.490000
2012-09-23	578119.870000
2012-09-24	567749.590000
2012-09-25	564781.210000
2012-09-26	550024.680000
2012-09-27	682773.700000
2012-09-28	691222.350000
2012-09-29	616178.930000
2012-09-30	583800.640000
2012-10-01	567480.140000
2012-10-02	624664.930000
2012-10-03	671515.990000
2012-10-04	720055.980000
2012-10-05	693611.660000
2012-10-06	592841.970000
2012-10-07	563942.620000
2012-10-08	500166.200000
2012-10-09	616096.180000
2012-10-10	669680.190000
2012-10-11	713061.680000
2012-10-12	722689.900000
2012-10-13	610741.770000
2012-10-14	584717.370000
2012-10-15	599657.640000
2012-10-16	656874.160000
2012-10-17	689863.180000
2012-10-18	721280.850000
2012-10-19	721188.270000
2012-10-20	613504.370000
2012-10-21	591526.490000
2012-10-22	589622.890000
2012-10-23	652584.310000
2012-10-24	690695.970000
2012-10-25	727190.340000
2012-10-26	658409.280000
2012-10-27	613967.610000
2012-10-28	533068.740000
2012-10-29	102870.080000
2012-10-30	188730.700000
2012-10-31	404258.950000
2012-11-01	404315.630000
2012-11-02	374926.220000
2012-11-03	445020.720000
2012-11-04	477569.350000
2012-11-05	498010.450000
2012-11-06	537800.710000
2012-11-07	555036.540000
2012-11-08	638506.200000
2012-11-09	695155.900000
2012-11-10	615970.600000
2012-11-11	586249.580000
2012-11-12	579863.990000
2012-11-13	679526.980000
2012-11-14	704896.030000
2012-11-15	736190.850000
2012-11-16	734223.960000
2012-11-17	637406.490000
2012-11-18	576915.650000
2012-11-19	566849.450000
2012-11-20	626029.530000
2012-11-21	589026.530000
2012-11-22	342273.950000
2012-11-23	312187.130000
2012-11-24	434028.610000
2012-11-25	515856.270000
2012-11-26	591782.670000
2012-11-27	651752.440000
2012-11-28	683209.490000
2012-11-29	720670.820000
2012-11-30	721227.250000
2012-12-01	638658.860000
2012-12-02	604090.170000
2012-12-03	613471.170000
2012-12-04	668450.200000
2012-12-05	724753.680000
2012-12-06	754611.410000
2012-12-07	743149.700000
2012-12-08	639853.210000
2012-12-09	616095.580000
2012-12-10	623445.070000
2012-12-11	691765.400000
2012-12-12	739925.440000
2012-12-13	783957.570000
2012-12-14	780813.530000
2012-12-15	647897.190000
2012-12-16	600997.190000
2012-12-17	612815.620000
2012-12-18	676564.500000
2012-12-19	717555.960000
2012-12-20	710962.960000
2012-12-21	694326.260000
2012-12-22	525553.460000
2012-12-23	378902.450000
2012-12-24	302112.040000
2012-12-25	214398.620000
2012-12-26	329326.420000
2012-12-27	404351.930000
2012-12-28	441368.160000
2012-12-29	417924.060000
2012-12-30	435391.760000
2012-12-31	455747.200000
2013-01-01	447658.060000
2013-01-02	439835.170000
2013-01-03	496867.500000
2013-01-04	538485.680000
2013-01-05	514244.590000
2013-01-06	486022.300000
2013-01-07	512448.450000
2013-01-08	561641.930000
2013-01-09	591758.740000
2013-01-10	655601.450000
2013-01-11	672448.150000
2013-01-12	587623.870000
2013-01-13	565805.930000
2013-01-14	587180.240000
2013-01-15	666896.340000
2013-01-16	699260.510000
2013-01-17	711986.890000
2013-01-18	713458.920000
2013-01-19	578979.760000
2013-01-20	539733.600000
2013-01-21	498127.580000
2013-01-22	658672.400000
2013-01-23	683883.040000
2013-01-24	695440.860000
2013-01-25	712477.970000
2013-01-26	651273.750000
2013-01-27	602428.120000
2013-01-28	602141.890000
2013-01-29	645349.250000
2013-01-30	667540.320000
2013-01-31	744212.970000
2013-02-01	756562.570000
2013-02-02	655887.180000
2013-02-03	593280.670000
2013-02-04	614435.050000
2013-02-05	653313.040000
2013-02-06	698703.900000
2013-02-07	764763.280000
2013-02-08	531691.240000
2013-02-09	447577.890000
2013-02-10	585529.170000
2013-02-11	626937.800000
2013-02-12	699629.740000
2013-02-13	732467.100000
2013-02-14	736597.520000
2013-02-15	710729.990000
2013-02-16	606206.910000
2013-02-17	576253.000000
2013-02-18	516527.390000
2013-02-19	614698.900000
2013-02-20	682766.880000
2013-02-21	729043.770000
2013-02-22	741167.200000
2013-02-23	681300.370000
2013-02-24	603506.420000
2013-02-25	613205.700000
2013-02-26	674417.520000
2013-02-27	715975.940000
2013-02-28	747869.500000
2013-03-01	754666.780000
2013-03-02	682677.990000
2013-03-03	635860.060000
2013-03-04	627466.750000
2013-03-05	671968.320000
2013-03-06	703769.760000
2013-03-07	739651.830000
2013-03-08	722590.270000
2013-03-09	660492.550000
2013-03-10	600674.160000
2013-03-11	614364.240000
2013-03-12	681134.280000
2013-03-13	738891.610000
2013-03-14	794406.160000
2013-03-15	770531.400000
2013-03-16	687011.740000
2013-03-17	630990.070000
2013-03-18	627314.160000
2013-03-19	661339.680000
2013-03-20	707303.830000
2013-03-21	654269.430000
2013-03-22	742587.460000
2013-03-23	655154.950000
2013-03-24	592520.250000
2013-03-25	556786.750000
2013-03-26	607508.070000
2013-03-27	649079.160000
2013-03-28	705177.900000
2013-03-29	641851.880000
2013-03-30	549111.660000
2013-03-31	527658.070000
2013-04-01	554237.170000
2013-04-02	647396.720000
2013-04-03	694290.050000
2013-04-04	739226.920000
2013-04-05	738316.100000
2013-04-06	639199.210000
2013-04-07	621233.390000
2013-04-08	596326.590000
2013-04-09	651732.870000
2013-04-10	700010.830000
2013-04-11	766133.830000
2013-04-12	763407.880000
2013-04-13	648793.900000
2013-04-14	619580.830000
2013-04-15	627766.240000
2013-04-16	659541.730000
2013-04-17	713121.370000
2013-04-18	757644.210000
2013-04-19	749644.430000
2013-04-20	680658.020000
2013-04-21	628751.290000
2013-04-22	630706.900000
2013-04-23	695709.480000
2013-04-24	712020.670000
2013-04-25	766808.440000
2013-04-26	749369.350000
2013-04-27	655382.830000
2013-04-28	616494.770000
2013-04-29	629135.600000
2013-04-30	667481.530000
2013-05-01	710289.400000
2013-05-02	748966.750000
2013-05-03	741199.140000
2013-05-04	654325.810000
2013-05-05	633954.840000
2013-05-06	648141.780000
2013-05-07	687686.980000
2013-05-08	738633.450000
2013-05-09	781190.030000
2013-05-10	748238.260000
2013-05-11	633589.870000
2013-05-12	592739.560000
2013-05-13	647819.050000
2013-05-14	689320.290000
2013-05-15	734089.390000
2013-05-16	777389.560000
2013-05-17	759947.530000
2013-05-18	673905.970000
2013-05-19	644158.930000
2013-05-20	658125.920000
2013-05-21	720318.700000
2013-05-22	734678.000000
2013-05-23	738245.600000
2013-05-24	692536.430000
2013-05-25	501679.050000
2013-05-26	431978.480000
2013-05-27	440664.210000
2013-05-28	618068.650000
2013-05-29	670220.870000
2013-05-30	734342.340000
2013-05-31	725558.190000
2013-06-01	635832.800000
2013-06-02	598000.410000
2013-06-03	632902.670000
2013-06-04	684204.890000
2013-06-05	730518.600000
2013-06-06	746685.070000
2013-06-07	749437.300000
2013-06-08	594313.890000
2013-06-09	601264.870000
2013-06-10	657447.430000
2013-06-11	678430.880000
2013-06-12	717311.790000
2013-06-13	754544.940000
2013-06-14	724983.080000
2013-06-15	598513.520000
2013-06-16	557001.280000
2013-06-17	604727.740000
2013-06-18	666420.530000
2013-06-19	716677.720000
2013-06-20	741291.080000
2013-06-21	687113.620000
2013-06-22	569201.620000
2013-06-23	567739.300000
2013-06-24	597139.180000
2013-06-25	669496.850000
2013-06-26	715568.180000
2013-06-27	747121.020000
2013-06-28	730483.810000
2013-06-29	609557.270000
2013-06-30	548366.270000
2013-07-01	545790.200000
2013-07-02	577613.000000
2013-07-03	566742.690000
2013-07-04	370816.290000
2013-07-05	359793.750000
2013-07-06	369315.080000
2013-07-07	449844.120000
2013-07-08	574946.550000
2013-07-09	632915.820000
2013-07-10	672375.150000
2013-07-11	723203.240000
2013-07-12	694332.010000
2013-07-13	566739.730000
2013-07-14	570850.150000
2013-07-15	613036.100000
2013-07-16	658068.800000
2013-07-17	707233.360000
2013-07-18	747439.010000
2013-07-19	714938.580000
2013-07-20	577501.060000
2013-07-21	548553.030000
2013-07-22	599895.480000
2013-07-23	660834.410000
2013-07-24	690900.730000
2013-07-25	716202.700000
2013-07-26	668322.870000
2013-07-27	549355.940000
2013-07-28	534119.990000
2013-07-29	574281.750000
2013-07-30	609168.410000
2013-07-31	659536.840000
2013-08-01	445439.040000
2013-08-02	328888.480000
2013-08-03	273803.700000
2013-08-04	268666.730000
2013-08-05	557197.820000
2013-08-06	617736.190000
2013-08-07	660930.950000
2013-08-08	620754.270000
2013-08-09	657920.310000
2013-08-10	535252.470000
2013-08-11	258695.210000
2013-08-12	546340.870000
2013-08-13	628218.580000
2013-08-14	649201.660000
2013-08-15	691249.440000
2013-08-16	648912.580000
2013-08-17	539860.130000
2013-08-18	521722.170000
2013-08-19	546310.450000
2013-08-20	594069.820000
2013-08-21	645306.120000
2013-08-22	682886.020000
2013-08-23	639966.300000
2013-08-24	541542.300000
2013-08-25	527715.300000
2013-08-26	535515.070000
2013-08-27	575364.800000
2013-08-28	625032.140000
2013-08-29	657199.990000
2013-08-30	614123.500000
2013-08-31	492409.930000
2013-09-01	432265.340000
2013-09-02	435265.840000
2013-09-03	603314.440000
2013-09-04	633454.330000
2013-09-05	646807.490000
2013-09-06	695176.020000
2013-09-07	648802.980000
2013-09-08	629729.600000
2013-09-09	656514.980000
2013-09-10	714050.830000
2013-09-11	742760.530000
2013-09-12	782957.340000
2013-09-13	782059.530000
2013-09-14	628955.140000
2013-09-15	632705.530000
2013-09-16	654720.300000
2013-09-17	702155.700000
2013-09-18	743052.660000
2013-09-19	770425.120000
2013-09-20	773186.560000
2013-09-21	678221.840000
2013-09-22	653522.020000
2013-09-23	636653.130000
2013-09-24	664878.570000
2013-09-25	723259.670000
2013-09-26	754361.530000
2013-09-27	750213.310000
2013-09-28	670369.330000
2013-09-29	643313.580000
2013-09-30	626787.790000
2013-10-01	664396.600000
2013-10-02	707700.690000
2013-10-03	754075.070000
2013-10-04	750139.160000
2013-10-05	662046.290000
2013-10-06	647776.160000
2013-10-07	624317.450000
2013-10-08	683948.290000
2013-10-09	738067.120000
2013-10-10	784998.980000
2013-10-11	764338.170000
2013-10-12	670563.270000
2013-10-13	631305.050000
2013-10-14	565471.450000
2013-10-15	637738.990000
2013-10-16	722391.740000
2013-10-17	784795.810000
2013-10-18	774540.150000
2013-10-19	692555.610000
2013-10-20	664928.180000
2013-10-21	642525.750000
2013-10-22	692246.720000
2013-10-23	754483.620000
2013-10-24	794120.140000
2013-10-25	779624.030000
2013-10-26	681785.550000
2013-10-27	660112.190000
2013-10-28	637193.840000
2013-10-29	680588.970000
2013-10-30	725483.000000
2013-10-31	720742.790000
2013-11-01	800554.990000
2013-11-02	676232.550000
2013-11-03	664830.230000
2013-11-04	674297.180000
2013-11-05	696113.240000
2013-11-06	752611.300000
2013-11-07	815419.140000
2013-11-08	801468.080000
2013-11-09	698489.790000
2013-11-10	665422.150000
2013-11-11	640550.120000
2013-11-12	727257.380000
2013-11-13	762245.560000
2013-11-14	795858.850000
2013-11-15	781519.430000
2013-11-16	702184.840000
2013-11-17	660210.490000
2013-11-18	650696.460000
2013-11-19	719184.470000
2013-11-20	766345.610000
2013-11-21	789736.840000
2013-11-22	791984.510000
2013-11-23	713553.710000
2013-11-24	651437.220000
2013-11-25	614397.840000
2013-11-26	664824.840000
2013-11-27	592729.290000
2013-11-28	384439.020000
2013-11-29	372209.030000
2013-11-30	491434.910000
2013-12-01	559342.780000
2013-12-02	665423.010000
2013-12-03	714401.440000
2013-12-04	755122.230000
2013-12-05	787081.500000
2013-12-06	814649.740000
2013-12-07	721818.660000
2013-12-08	686805.490000
2013-12-09	692388.710000
2013-12-10	729450.450000
2013-12-11	809809.640000
2013-12-12	849922.830000
2013-12-13	855904.640000
2013-12-14	684405.720000
2013-12-15	638557.430000
2013-12-16	694638.440000
2013-12-17	731189.040000
2013-12-18	792809.800000
2013-12-19	803660.960000
2013-12-20	796839.100000
2013-12-21	642615.550000
2013-12-22	513882.980000
2013-12-23	476111.120000
2013-12-24	394057.420000
2013-12-25	258567.480000
2013-12-26	345378.180000
2013-12-27	423615.410000
2013-12-28	438630.690000
2013-12-29	469985.840000
2013-12-30	477997.250000
2013-12-31	527563.370000
